solar_field_id,device_id,device_name,modules,capacity_kwp,month,energy_kwh
SF-003,SF-003-INV-01,Inverter 01,954,515.16,2026-06,66959.6
SF-003,SF-003-INV-01,Inverter 01,954,515.16,2026-07,74449.1
SF-003,SF-003-INV-01,Inverter 01,954,515.16,2026-08,79734.1
SF-003,SF-003-INV-02,Inverter 02,902,487.08,2026-06,63508.9
SF-003,SF-003-INV-02,Inverter 02,902,487.08,2026-07,70548.6
SF-003,SF-003-INV-02,Inverter 02,902,487.08,2026-08,75542.6
SF-003,SF-003-INV-03,Inverter 03,926,500.04,2026-06,66350.6
SF-003,SF-003-INV-03,Inverter 03,926,500.04,2026-07,37735.3
SF-003,SF-003-INV-03,Inverter 03,926,500.04,2026-08,78919.5
